metric,value
H,50.41847575794759
p_value,2.9527147174434456e-10
epsilon_squared,0.08201144126845863
n_samples,571.0
