,GC,G2,G5,G7,G14
GC,1.0,4.2845923094646633e-07,1.478194372303583e-26,6.888346521272756e-56,2.3481687089784636e-96
G2,4.2845923094646633e-07,1.0,4.2845923094646633e-07,1.7579462620707817e-24,3.923261661250765e-52
G5,1.478194372303583e-26,4.2845923094646633e-07,1.0,4.2845923094646633e-07,1.7579462620707817e-24
G7,6.888346521272756e-56,1.7579462620707817e-24,4.2845923094646633e-07,1.0,7.622272844365844e-07
G14,2.3481687089784636e-96,3.923261661250765e-52,1.7579462620707817e-24,7.622272844365844e-07,1.0
