bias,loa_lower,loa_upper,n_samples
-0.02011093784358518,-0.703119638883671,0.6628977631965006,571
