metric,value
H,547.0614980466121
p_value,4.42278739630738e-117
epsilon_squared,0.959472611389774
n_samples,571.0
