metric,mean,sd
mae_days,3.840829,0.225752
rmse_days,4.72423,0.217972
r2,0.029477,0.067026
