metric,mean,sd
mae_days,3.777449,0.202908
rmse_days,4.667519,0.204714
r2,0.023548,0.075866
