fold,n_test,mae_days,rmse_days,r2
1,114,3.984397,4.81898,-0.082199
2,114,3.770058,4.732546,0.055249
3,114,3.503427,4.36547,0.094764
4,114,3.851914,4.75308,0.026378
