metric,value,p_value,ci_2p5,ci_97p5,n_samples
Spearman_rho,0.2335575999928038,1.6321974024619284e-08,0.15006325720577535,0.31353616490446506,571
