metric,mean,sd
mae_days,0.665142,0.070029
rmse_days,1.085778,0.113406
r2,0.948182,0.011258
