Type,Description,ICC,F,df1,df2,pval,CI95%
ICC2,Single random raters,0.156349252370418,1.371234602191377,570,570,8.51857695076244e-05,[0.08 0.24]
