metric,mean,sd
mae_days,1.585875,0.140241
rmse_days,1.910095,0.154236
r2,0.839973,0.030259
